PDB_CHAIN,WILD_RES,POSITION,MUTANT_RES,PH,TEMPERATURE,EXP_DDG
1AJ3A,H,1,A,7.0,25.0,0.50
1AJ3A,I,14,A,7.0,25.0,-3.60
1AJ3A,E,16,A,7.0,25.0,0.10
1AJ3A,K,17,A,7.0,25.0,-0.00
1AJ3A,V,21,A,7.0,25.0,-0.20
1AJ3A,T,31,A,7.0,25.0,0.30
1AJ3A,V,33,A,7.0,25.0,-0.40
1AJ3A,N,35,G,7.0,25.0,-0.40
1AJ3A,L,36,A,7.0,25.0,-0.20
1AJ3A,K,38,A,7.0,25.0,0.40
1AJ3A,K,38,G,7.0,25.0,-0.50
1AJ3A,I,75,A,7.0,25.0,-2.00
1AJ3A,Q,77,A,7.0,25.0,-0.00
1AJ3A,Q,77,G,7.0,25.0,-1.30
1AJ3A,L,79,A,7.0,25.0,-2.80
1AJ3A,D,84,A,7.0,25.0,0.70
1AJ3A,D,84,G,7.0,25.0,-0.30
1AJ3A,K,87,A,7.0,25.0,-0.40
1AJ3A,K,87,G,7.0,25.0,-1.30
1AJ3A,L,89,A,7.0,25.0,-3.80
1AKYA,Q,46,E,7.7,25.0,-0.96
1APSA,I,74,V,5.5,28.0,-1.41
1BNIA,K,25,A,6.3,25.0,0.44
1BNIA,R,57,A,6.3,25.0,0.64
1BNIA,I,74,T,6.3,25.0,-2.64
1BTAA,K,22,Q,8.0,25.0,-0.79
1BTAA,K,60,E,8.0,25.0,-1.17
1BTAA,R,75,L,8.0,25.0,0.75
1BVCA,H,24,V,7.0,0.0,-0.52
1BVCA,H,48,Q,7.0,0.0,-0.62
1BVCA,H,119,F,7.0,0.0,-0.68
1C9OA,E,12,K,7.0,75.0,-0.32
1C9OA,E,21,A,7.0,70.0,-0.29
1C9OA,F,38,W,7.0,25.0,0.24
1C9OA,E,50,K,7.0,75.0,-0.58
1C9OA,R,56,E,7.0,75.0,0.69
1CEYA,D,11,A,7.0,25.0,2.50
1CEYA,F,13,N,7.5,25.0,2.64
1CEYA,D,56,A,7.0,25.0,3.30
1CEYA,A,76,G,8.0,25.0,-0.31
1CEYA,A,79,G,8.0,25.0,0.43
1CEYA,A,87,G,8.0,25.0,0.04
1CEYA,A,98,G,8.0,25.0,-0.48
1CSEI,V,54,A,7.0,25.0,-1.58
1CSPA,E,3,Q,7.5,55.0,1.14
1CSPA,E,43,S,7.0,70.0,0.29
1CSPA,S,48,R,7.0,70.0,1.58
1CSPA,R,56,Q,7.5,55.0,0.28
1CUNA,Q,109,G,7.0,25.0,-1.15
1CUNA,A,120,G,7.0,25.0,-1.65
1CUNA,I,126,A,7.0,25.0,-1.65
1CUNA,I,126,V,7.0,25.0,-2.85
1CUNA,K,146,A,7.0,25.0,-0.15
1CUNA,K,146,G,7.0,25.0,-1.45
1CUNA,A,150,G,7.0,25.0,-1.45
1CUNA,F,151,L,7.0,25.0,-1.85
1CUNA,A,167,G,7.0,25.0,-1.95
1CUNA,A,185,G,7.0,25.0,-1.35
1CUNA,M,187,A,7.0,25.0,-2.65
1CUNA,L,190,A,7.0,25.0,-4.55
1CUNA,S,195,A,7.0,25.0,0.15
1CUNA,S,195,G,7.0,25.0,-0.95
1CUNA,L,197,A,7.0,25.0,-4.05
1CUNA,A,206,G,7.0,25.0,-1.45
1CUNA,L,208,A,7.0,25.0,-3.65
1DKTA,S,5,A,7.5,10.0,-0.43
1DKTA,K,7,A,7.5,10.0,0.62
1DKTA,S,35,A,7.5,10.0,-0.60
1DKTA,V,51,A,7.5,10.0,-0.73
1DKTA,M,54,L,7.5,10.0,-0.23
1DKTA,R,67,A,7.5,10.0,-0.59
1E65A,I,7,S,7.3,26.5,-3.44
1E65A,I,20,T,7.0,25.0,-2.39
1E65A,V,31,T,7.0,25.0,-1.08
1E65A,L,50,V,7.0,25.0,-0.36
1E65A,V,60,G,7.0,25.0,-3.11
1E65A,A,82,G,7.0,25.0,-3.11
1E65A,V,95,T,7.0,25.0,0.96
1E65A,H,117,G,7.0,20.0,-2.18
1EY0A,L,2,V,7.0,20.0,-1.15
1EY0A,K,4,F,7.0,20.0,-1.03
1EY0A,T,8,C,7.0,20.0,-1.20
1EY0A,L,9,V,7.0,20.0,-1.63
1EY0A,I,10,M,7.0,20.0,-0.15
1EY0A,D,14,F,7.0,20.0,-1.28
1EY0A,D,16,K,7.0,20.0,1.10
1EY0A,T,17,I,7.0,20.0,-0.61
1EY0A,V,18,I,7.0,20.0,0.03
1EY0A,V,18,L,7.0,20.0,-0.02
1EY0A,K,19,F,7.0,20.0,-0.40
1EY0A,Y,22,C,7.0,20.0,-2.72
1EY0A,G,24,V,7.0,20.0,-3.11
1EY0A,T,28,C,7.0,20.0,-1.04
1EY0A,L,31,V,7.0,20.0,-3.58
1EY0A,L,32,I,7.0,20.0,-1.82
1EY0A,V,34,I,7.0,20.0,0.11
1EY0A,V,34,L,7.0,20.0,-0.90
1EY0A,T,36,I,7.0,20.0,0.86
1EY0A,T,39,C,7.0,20.0,-0.04
1EY0A,V,46,L,7.0,20.0,-0.10
1EY0A,Y,49,F,7.0,20.0,-0.38
1EY0A,G,50,V,7.0,20.0,-1.48
1EY0A,K,58,Q,7.0,20.0,-0.89
1EY0A,M,60,F,7.0,20.0,-1.62
1EY0A,M,60,I,7.0,20.0,-1.43
1EY0A,V,61,I,7.0,20.0,-0.76
1EY0A,K,65,E,7.0,20.0,-0.30
1EY0A,I,67,L,7.0,20.0,-0.23
1EY0A,V,68,L,7.0,20.0,-1.12
1EY0A,D,72,K,7.0,20.0,-3.28
1EY0A,K,73,Q,7.0,20.0,-0.15
1EY0A,T,77,C,7.0,20.0,-0.19
1EY0A,T,77,I,7.0,20.0,0.51
1EY0A,K,79,Q,7.0,20.0,-0.15
1EY0A,G,81,F,7.0,20.0,-1.99
1EY0A,L,84,I,7.0,20.0,-1.04
1EY0A,I,87,M,7.0,20.0,-1.75
1EY0A,G,91,F,7.0,20.0,-2.55
1EY0A,G,91,V,7.0,20.0,-3.74
1EY0A,V,99,I,7.0,20.0,0.27
1EY0A,R,100,C,7.0,20.0,-2.55
1EY0A,L,103,V,7.0,20.0,-3.81
1EY0A,V,106,I,7.0,20.0,-0.74
1EY0A,V,106,L,7.0,20.0,-0.88
1EY0A,V,109,I,7.0,20.0,-0.15
1EY0A,H,119,E,7.0,20.0,0.46
1EY0A,L,120,I,7.0,20.0,-0.96
1EY0A,L,132,V,7.0,20.0,-1.42
1EY0A,I,134,L,7.0,20.0,-0.09
1FTGA,L,5,A,7.0,34.6,-3.11
1FTGA,D,64,K,7.0,34.6,-0.10
1FTGA,E,71,K,7.0,37.8,1.41
1FTGA,D,74,K,7.0,37.8,1.03
1FTGA,A,83,G,7.0,34.6,-1.90
1FTGA,N,96,A,7.0,34.6,-0.58
1FTGA,Q,98,A,7.0,34.6,1.59
1FTGA,S,109,A,7.0,34.6,-0.73
1FTGA,D,125,K,7.0,37.8,0.81
1FTGA,I,155,V,7.0,34.6,-3.16
1FTGA,V,159,A,7.0,34.6,-2.07
1G4IA,F,22,I,8.0,30.0,1.43
1G4IA,F,22,Y,8.0,30.0,0.83
1G4IA,H,48,A,8.0,30.0,-1.93
1G4IA,H,48,Q,8.0,30.0,-0.49
1G4IA,F,106,A,8.0,25.0,-1.23
1H7MA,D,4,A,7.4,25.0,-0.53
1H7MA,K,11,A,7.4,25.0,-0.29
1H7MA,K,35,A,7.4,25.0,0.12
1H7MA,K,48,A,7.4,25.0,-1.10
1H7MA,E,49,A,7.4,25.0,-0.05
1H7MA,R,56,A,7.4,25.0,-0.26
1H7MA,E,66,A,7.4,25.0,-0.26
1H7MA,D,89,A,7.4,25.0,-1.36
1HFZA,H,33,Y,7.4,56.2,0.07
1HFZA,I,60,W,7.4,56.2,-0.93
1HFZA,H,108,W,7.4,56.2,-1.72
1HFZA,H,108,Y,7.4,56.2,-0.19
1HFZA,L,111,E,7.4,56.2,-0.19
1HFZA,K,115,E,7.4,56.2,-0.65
1HMEA,G,35,H,7.0,20.0,-0.33
1HMKA,V,9,A,7.0,25.0,-0.83
1HMKA,L,13,A,7.0,25.0,-2.73
1HMKA,V,28,A,7.0,25.0,-1.24
1HMKA,T,30,V,7.0,25.0,2.26
1HMKA,I,56,V,7.0,25.0,-2.72
1HMKA,W,61,A,7.0,25.0,-2.01
1HMKA,I,90,V,7.0,25.0,-0.86
1HMKA,I,96,V,7.0,25.0,-1.72
1HMKA,L,97,A,7.0,25.0,-1.75
1HMKA,Y,104,F,7.0,25.0,-2.13
1HMKA,L,111,A,7.0,25.0,-0.35
1HMSA,F,4,S,8.0,37.0,-3.67
1HMSA,F,16,S,8.0,37.0,-3.98
1HMSA,T,40,E,8.0,25.0,-2.40
1HMSA,F,57,S,8.0,25.0,-2.43
1HMSA,L,66,G,8.0,37.0,-3.67
1HMSA,R,106,T,8.0,25.0,-2.84
1IETA,D,60,R,7.2,25.0,0.14
1IFCA,W,7,Y,7.0,25.0,-0.87
1IFCA,V,61,C,8.1,20.0,-0.07
1IFCA,V,61,N,7.0,25.0,-0.83
1IFCA,L,65,G,7.4,20.0,-2.26
1IFCA,G,66,A,7.4,20.0,-0.94
1IFCA,F,69,A,7.0,25.0,-0.42
1IFCA,F,94,A,7.0,25.0,-2.37
1IGVA,Y,13,F,7.1,25.0,-1.08
1IGVA,F,66,W,7.0,25.0,-0.93
1IGVA,V,70,L,7.0,25.0,-0.13
1IHBA,F,33,H,7.5,25.0,-0.66
1IHBA,F,78,Q,7.5,25.0,-0.37
1IMQA,V,19,L,6.0,10.0,-1.82
1IMQA,E,31,L,6.0,10.0,-0.67
1IMQA,E,41,V,6.0,10.0,0.89
1IROA,V,24,I,9.1,107.0,0.36
1IROA,I,33,L,9.1,107.0,0.76
1JIWI,D,10,A,7.1,25.0,-0.70
1JIWI,W,15,F,7.1,25.0,-2.30
1K9QA,L,26,Y,7.0,56.7,0.27
1KFWA,N,188,K,7.5,16.0,0.81
1KFWA,G,396,Q,7.5,16.0,0.62
1LNIA,T,16,V,7.0,48.4,0.30
1LNIA,Y,30,F,7.0,25.0,0.40
1LNIA,V,43,T,7.0,48.4,-0.50
1LNIA,Y,55,F,7.0,25.0,-0.60
1LNIA,T,56,V,7.0,48.4,-1.90
1LNIA,D,79,F,6.8,49.1,2.73
1LNIA,D,79,I,7.0,52.6,2.85
1LNIA,D,79,K,7.0,52.6,2.35
1LNIA,D,79,L,7.0,52.6,2.65
1LNIA,D,79,N,6.8,49.1,1.46
1LNIA,D,79,Y,7.0,52.6,2.90
1LNIA,Y,80,F,7.0,25.0,-1.50
1LNIA,H,85,Q,6.3,51.9,-0.00
1LNIA,Q,94,K,6.8,47.5,0.56
1LZ1A,G,48,A,2.7,64.9,0.45
1LZ1A,G,105,A,2.7,64.9,-0.62
1MGRA,Y,52,F,7.0,25.0,-2.60
1MGRA,Y,82,F,7.0,25.0,-1.00
1MJCA,F,19,L,7.0,25.0,-0.31
1MJCA,F,19,S,7.0,25.0,-1.16
1MJCA,F,30,S,7.0,25.0,-1.03
1MJCA,S,51,W,7.0,25.0,-0.20
1MSIA,E,26,A,7.0,25.0,-0.09
1MSIA,R,48,A,7.0,25.0,-0.74
1MSIA,D,59,N,7.0,25.0,-0.20
1OIAA,Y,78,F,7.0,22.0,-0.00
1OIAA,Y,86,T,7.0,22.0,-2.90
1P2PA,H,48,K,7.0,20.0,-2.12
1QLPA,A,9,L,6.5,25.0,0.90
1QLPA,V,33,I,6.5,25.0,-0.20
1QLPA,A,48,G,6.5,25.0,1.60
1QLPA,Y,138,W,7.8,25.0,1.18
1QLPA,A,161,I,6.5,25.0,1.80
1QLPA,A,161,V,6.5,25.0,3.80
1QLPA,W,216,F,7.8,25.0,0.98
1QLPA,A,226,F,6.5,25.0,1.80
1QLPA,A,226,I,6.5,25.0,2.20
1QLPA,A,226,L,6.5,25.0,0.35
1QLPA,A,226,V,6.5,25.0,2.30
1QLPA,A,262,I,6.5,25.0,-0.00
1QLPA,A,262,V,6.5,25.0,0.80
1QLPA,V,299,I,6.5,25.0,0.60
1QLPA,S,308,R,7.8,25.0,-2.44
1QLPA,K,309,F,7.8,25.0,1.75
1QLPA,V,342,L,6.5,25.0,-0.30
1QLPA,M,352,I,6.5,25.0,2.30
1QLPA,S,359,A,6.5,25.0,1.00
1RG8A,C,20,S,6.6,25.0,-2.81
1RG8A,L,48,F,7.3,34.5,0.59
1RG8A,N,110,G,6.6,24.9,0.16
1RG8A,V,113,I,7.3,34.5,-0.05
1RISA,I,8,A,8.0,25.0,-3.56
1RISA,L,21,A,8.0,25.0,-0.16
1RISA,Y,33,A,8.0,25.0,0.41
1RISA,L,48,A,8.0,25.0,-0.21
1RISA,F,60,A,8.0,25.0,-0.81
1RISA,L,75,A,8.0,25.0,-1.35
1RISA,L,79,A,8.0,25.0,-3.91
1RN1C,V,16,T,7.0,25.0,-3.65
1RN1C,G,23,A,7.4,25.0,-1.20
1RN1C,D,49,A,6.3,37.3,0.50
1RN1C,V,78,S,7.0,25.0,-4.73
1RN1C,V,78,T,7.0,25.0,-3.59
1RTBA,A,5,S,7.1,62.0,-0.27
1RTBA,F,46,V,6.0,24.9,-4.55
1RTBA,V,57,A,5.0,40.0,-2.85
1RTBA,V,57,L,5.0,40.0,-2.37
1RTBA,V,63,A,5.0,40.0,-2.03
1RTP1,K,80,S,7.4,45.8,-0.29
1SHFA,E,24,F,8.0,25.0,-1.63
1SHFA,E,24,H,8.0,25.0,-0.99
1SHFA,E,24,K,8.0,25.0,-0.97
1SHFA,E,24,L,8.0,25.0,-3.02
1SHFA,E,24,Y,8.0,25.0,-2.40
1SHFA,I,28,A,7.0,25.0,-2.84
1SHFA,I,28,L,7.0,25.0,-0.71
1SHFA,S,41,D,8.0,25.0,-2.02
1SHFA,S,41,F,8.0,25.0,-1.90
1SHFA,S,41,G,8.0,25.0,-1.68
1SHFA,S,41,H,8.0,25.0,-1.25
1SHFA,S,41,L,8.0,25.0,-0.37
1SHFA,S,41,N,8.0,25.0,-0.73
1SHFA,G,45,A,8.0,25.0,-1.78
1SHFA,V,55,M,7.0,25.0,-0.52
1TITA,L,60,A,7.4,25.0,-4.88
1TITA,C,63,S,7.3,25.0,-2.08
1TITA,V,86,A,7.4,25.0,-4.45
1TTQA,F,22,L,7.8,25.0,-1.05
1TTQA,F,22,V,7.8,25.0,-3.44
1UZCA,E,25,A,5.7,9.9,-0.62
1UZCA,Q,36,G,5.7,9.9,-1.57
1UZCA,I,42,V,5.7,9.9,-0.30
1UZCA,A,59,G,5.7,9.9,-2.07
1YYJA,L,3,A,5.0,25.0,-1.60
1YYJA,A,20,G,5.0,25.0,-1.97
1YYJA,F,61,A,5.0,25.0,-4.52
1YYJA,F,65,A,5.0,25.0,-1.92
1YYJA,Y,105,A,5.0,25.0,-2.36
1ZG4A,W,265,F,7.0,25.0,-0.83
1ZNJB,H,10,E,8.0,25.0,1.11
1ZNJB,H,10,T,8.0,25.0,0.03
1ZNJB,F,25,D,8.0,25.0,0.48
2A01A,L,141,R,7.4,25.0,-0.65
2A36A,T,22,A,6.0,25.0,0.40
2A36A,T,22,F,6.0,25.0,1.30
2A36A,T,22,L,6.0,25.0,0.50
2A36A,T,22,N,6.0,25.0,1.30
2DRIA,V,50,E,7.7,25.0,-3.50
2IMMA,A,15,L,7.4,20.0,1.36
2IMMA,M,21,L,7.4,20.0,-0.31
2IMMA,K,24,R,7.4,20.0,-0.17
2IMMA,Q,79,E,7.4,20.0,-0.41
2IMMA,L,106,I,7.4,20.0,0.36
2LZMA,G,51,D,7.0,22.0,-2.63
2LZMA,I,58,Y,7.0,22.0,-3.11
2LZMA,A,146,I,7.0,22.0,-4.31
2LZMA,F,153,C,7.0,22.0,-3.11
2NVHA,R,4,Q,6.5,25.0,-0.57
2NVHA,N,7,D,6.5,25.0,0.09
2NVHA,C,8,S,6.5,25.0,-3.74
2RN2A,H,62,A,6.4,25.0,0.44
2RN2A,H,83,A,6.4,25.0,0.07
2TRXA,D,26,I,7.0,25.0,3.37
2TRXA,T,66,L,7.0,25.0,-1.03
3GLYA,G,138,A,4.5,30.0,-1.40
3GLYA,G,382,A,4.5,30.0,0.11
3MBPA,W,10,A,7.6,25.0,-4.31
3PGKA,Y,49,W,7.5,25.0,-1.62
3PGKA,Y,123,W,7.5,25.0,-2.19
3PGKA,F,195,W,7.5,25.0,-1.12
3PGKA,H,389,Q,6.5,25.0,-0.84
3SILA,A,50,L,7.0,25.0,0.90
4LYZA,E,35,A,4.6,35.0,1.24
5DFRA,I,2,V,7.8,15.0,-0.55
5DFRA,W,30,M,7.8,15.0,-1.94
5DFRA,V,40,H,7.8,15.0,-2.76
5DFRA,N,59,T,7.8,15.0,-0.05
5DFRA,N,59,W,7.8,15.0,-0.79
5DFRA,G,67,S,7.0,15.0,-0.27
5DFRA,G,67,T,7.0,15.0,-0.62
5DFRA,G,95,A,7.8,15.0,-0.90
5DFRA,G,121,C,7.0,15.0,-0.22
5DFRA,G,121,H,7.0,15.0,-0.56
5DFRA,I,155,T,7.8,15.0,-2.53
5PTIA,A,16,T,8.7,25.0,-1.70
5PTIA,A,16,V,8.7,25.0,-1.30
5PTIA,Y,35,D,8.7,25.0,-3.80
