1AJ3,H,10,A,7.0,25.0,0.5,-1,A
1AJ3,I,23,A,7.0,25.0,-3.6,1,A
1AJ3,K,47,G,7.0,25.0,-0.5,1,A
1AJ3,I,84,A,7.0,25.0,-2.0,1,A
1AJ3,Q,86,G,7.0,25.0,-1.3,1,A
1AJ3,L,88,A,7.0,25.0,-2.8,1,A
1AJ3,D,93,A,7.0,25.0,0.7,-1,A
1AJ3,K,96,G,7.0,25.0,-1.3,1,A
1AJ3,L,98,A,7.0,25.0,-3.8,1,A
1AKY,Q,48,E,7.7,25.0,-0.96,1,A
1APS,I,75,V,5.5,28.0,-1.41,1,A
1BNI,R,59,A,6.3,25.0,0.64,-1,A
1BNI,I,76,T,6.3,25.0,-2.64,1,A
1BTA,K,22,Q,8.0,25.0,-0.79,1,A
1BTA,K,60,E,8.0,25.0,-1.17,1,A
1BTA,R,75,L,8.0,25.0,0.75,-1,A
1BVC,H,24,V,7.0,0.0,-0.52,1,A
1BVC,H,48,Q,7.0,0.0,-0.62,1,A
1BVC,H,119,F,7.0,0.0,-0.68,1,A
1C9O,E,50,K,7.0,75.0,-0.58,1,A
1C9O,R,56,E,7.0,75.0,0.69,-1,A
1CEY,D,12,A,7.0,25.0,2.5,-1,A
1CEY,F,14,N,7.5,25.0,2.64,-1,A
1CEY,D,57,A,7.0,25.0,3.3,-1,A
1CSE,V,54,A,7.0,25.0,-1.58,1,I
1CSP,E,3,Q,7.5,55.0,1.14,-1,A
1CSP,S,48,R,7.0,70.0,1.58,-1,A
1CUN,Q,115,G,7.0,25.0,-1.15,1,A
1CUN,A,126,G,7.0,25.0,-1.65,1,A
1CUN,I,128,A,7.0,25.0,-1.65,1,A
1CUN,I,128,V,7.0,25.0,-2.85,1,A
1CUN,K,152,G,7.0,25.0,-1.45,1,A
1CUN,A,156,G,7.0,25.0,-1.45,1,A
1CUN,F,157,L,7.0,25.0,-1.85,1,A
1CUN,A,173,G,7.0,25.0,-1.95,1,A
1CUN,A,191,G,7.0,25.0,-1.35,1,A
1CUN,M,193,A,7.0,25.0,-2.65,1,A
1CUN,L,196,A,7.0,25.0,-4.55,1,A
1CUN,S,201,G,7.0,25.0,-0.95,1,A
1CUN,L,203,A,7.0,25.0,-4.05,1,A
1CUN,A,212,G,7.0,25.0,-1.45,1,A
1CUN,L,214,A,7.0,25.0,-3.65,1,A
1DKT,K,11,A,7.5,10.0,0.62,-1,A
1DKT,S,39,A,7.5,10.0,-0.6,1,A
1DKT,V,55,A,7.5,10.0,-0.73,1,A
1DKT,R,71,A,7.5,10.0,-0.59,1,A
1E65,I,7,S,7.3,26.5,-3.44,1,A
1E65,I,20,T,7.0,25.0,-2.39,1,A
1E65,V,31,T,7.0,25.0,-1.08,1,A
1E65,V,60,G,7.0,25.0,-3.11,1,A
1E65,A,82,G,7.0,25.0,-3.11,1,A
1E65,V,95,T,7.0,25.0,0.96,-1,A
1E65,H,117,G,7.0,20.0,-2.18,1,A
1EY0,L,7,V,7.0,20.0,-1.15,1,A
1EY0,K,9,F,7.0,20.0,-1.03,1,A
1EY0,T,13,C,7.0,20.0,-1.2,1,A
1EY0,L,14,V,7.0,20.0,-1.63,1,A
1EY0,D,19,F,7.0,20.0,-1.28,1,A
1EY0,D,21,K,7.0,20.0,1.1,-1,A
1EY0,T,22,I,7.0,20.0,-0.61,1,A
1EY0,Y,27,C,7.0,20.0,-2.72,1,A
1EY0,G,29,V,7.0,20.0,-3.11,1,A
1EY0,T,33,C,7.0,20.0,-1.04,1,A
1EY0,L,36,V,7.0,20.0,-3.58,1,A
1EY0,L,37,I,7.0,20.0,-1.82,1,A
1EY0,V,39,L,7.0,20.0,-0.9,1,A
1EY0,T,41,I,7.0,20.0,0.86,-1,A
1EY0,G,55,V,7.0,20.0,-1.48,1,A
1EY0,K,63,Q,7.0,20.0,-0.89,1,A
1EY0,M,65,F,7.0,20.0,-1.62,1,A
1EY0,M,65,I,7.0,20.0,-1.43,1,A
1EY0,V,66,I,7.0,20.0,-0.76,1,A
1EY0,V,74,L,7.0,20.0,-1.12,1,A
1EY0,D,77,K,7.0,20.0,-3.28,1,A
1EY0,T,82,I,7.0,20.0,0.51,-1,A
1EY0,G,86,F,7.0,20.0,-1.99,1,A
1EY0,L,89,I,7.0,20.0,-1.04,1,A
1EY0,I,92,M,7.0,20.0,-1.75,1,A
1EY0,G,96,F,7.0,20.0,-2.55,1,A
1EY0,G,96,V,7.0,20.0,-3.74,1,A
1EY0,R,105,C,7.0,20.0,-2.55,1,A
1EY0,L,108,V,7.0,20.0,-3.81,1,A
1EY0,V,111,I,7.0,20.0,-0.74,1,A
1EY0,V,111,L,7.0,20.0,-0.88,1,A
1EY0,L,125,I,7.0,20.0,-0.96,1,A
1EY0,L,137,V,7.0,20.0,-1.42,1,A
1FNA,V,50,A,5.0,25.0,-2.85,1,A
1FTG,L,6,A,7.0,34.6,-3.11,1,A
1FTG,E,72,K,7.0,37.8,1.41,-1,A
1FTG,D,75,K,7.0,37.8,1.03,-1,A
1FTG,A,84,G,7.0,34.6,-1.9,1,A
1FTG,N,97,A,7.0,34.6,-0.58,1,A
1FTG,Q,99,A,7.0,34.6,1.59,-1,A
1FTG,S,110,A,7.0,34.6,-0.73,1,A
1FTG,D,126,K,7.0,37.8,0.81,-1,A
1FTG,I,156,V,7.0,34.6,-3.16,1,A
1FTG,V,160,A,7.0,34.6,-2.07,1,A
1G4I,F,22,I,8.0,30.0,1.43,-1,A
1G4I,F,22,Y,8.0,30.0,0.83,-1,A
1G4I,H,48,A,8.0,30.0,-1.93,1,A
1G4I,F,106,A,8.0,25.0,-1.23,1,A
1H7M,D,2,A,7.4,25.0,-0.53,1,A
1H7M,K,46,A,7.4,25.0,-1.1,1,A
1H7M,D,87,A,7.4,25.0,-1.36,1,A
1HFZ,I,59,W,7.4,56.2,-0.93,1,A
1HFZ,H,107,W,7.4,56.2,-1.72,1,A
1HFZ,K,114,E,7.4,56.2,-0.65,1,A
1HMK,V,8,A,7.0,25.0,-0.83,1,A
1HMK,L,12,A,7.0,25.0,-2.73,1,A
1HMK,V,27,A,7.0,25.0,-1.24,1,A
1HMK,T,29,V,7.0,25.0,2.26,-1,A
1HMK,I,55,V,7.0,25.0,-2.72,1,A
1HMK,W,60,A,7.0,25.0,-2.01,1,A
1HMK,I,89,V,7.0,25.0,-0.86,1,A
1HMK,I,95,V,7.0,25.0,-1.72,1,A
1HMK,L,96,A,7.0,25.0,-1.75,1,A
1HMK,Y,103,F,7.0,25.0,-2.13,1,A
1HMS,F,4,S,8.0,37.0,-3.67,1,A
1HMS,F,16,S,8.0,37.0,-3.98,1,A
1HMS,T,40,E,8.0,25.0,-2.4,1,A
1HMS,F,57,S,8.0,25.0,-2.43,1,A
1HMS,L,66,G,8.0,37.0,-3.67,1,A
1HMS,R,106,T,8.0,25.0,-2.84,1,A
1IFC,W,6,Y,7.0,25.0,-0.87,1,A
1IFC,V,60,N,7.0,25.0,-0.83,1,A
1IFC,L,64,G,7.4,20.0,-2.26,1,A
1IFC,G,65,A,7.4,20.0,-0.94,1,A
1IFC,F,93,A,7.0,25.0,-2.37,1,A
1IGV,Y,13,F,7.1,25.0,-1.08,1,A
1IGV,F,66,W,7.0,25.0,-0.93,1,A
1IHB,F,37,H,7.5,25.0,-0.66,1,A
1IMQ,V,19,L,6.0,10.0,-1.82,1,A
1IMQ,E,31,L,6.0,10.0,-0.67,1,A
1IMQ,E,41,V,6.0,10.0,0.89,-1,A
1IRO,I,33,L,9.1,107.0,0.76,-1,A
1JIW,D,10,A,7.1,25.0,-0.7,1,I
1JIW,W,15,F,7.1,25.0,-2.3,1,I
1KFW,N,197,K,7.5,16.0,0.81,-1,A
1KFW,G,405,Q,7.5,16.0,0.62,-1,A
1LNI,V,43,T,7.0,48.4,-0.5,1,A
1LNI,Y,55,F,7.0,25.0,-0.6,1,A
1LNI,T,56,V,7.0,48.4,-1.9,1,A
1LNI,D,79,F,6.8,49.1,2.73,-1,A
1LNI,D,79,I,7.0,52.6,2.85,-1,A
1LNI,D,79,K,7.0,52.6,2.35,-1,A
1LNI,D,79,L,7.0,52.6,2.65,-1,A
1LNI,D,79,N,6.8,49.1,1.46,-1,A
1LNI,D,79,Y,7.0,52.6,2.9,-1,A
1LNI,Y,80,F,7.0,25.0,-1.5,1,A
1LNI,Q,94,K,6.8,47.5,0.56,-1,A
1LZ1,G,105,A,2.7,64.9,-0.62,1,A
1MGR,Y,54,F,7.0,25.0,-2.6,1,A
1MGR,Y,84,F,7.0,25.0,-1.0,1,A
1MJC,F,20,S,7.0,25.0,-1.16,1,A
1MJC,F,31,S,7.0,25.0,-1.03,1,A
1MSI,R,47,A,7.0,25.0,-0.74,1,A
1OIA,Y,86,T,7.0,22.0,-2.9,1,A
1P2P,H,48,K,7.0,20.0,-2.12,1,A
1QLP,A,31,L,6.5,25.0,0.9,-1,A
1QLP,A,70,G,6.5,25.0,1.6,-1,A
1QLP,Y,160,W,7.8,25.0,1.18,-1,A
1QLP,A,183,I,6.5,25.0,1.8,-1,A
1QLP,A,183,V,6.5,25.0,3.8,-1,A
1QLP,W,238,F,7.8,25.0,0.98,-1,A
1QLP,A,248,F,6.5,25.0,1.8,-1,A
1QLP,A,248,I,6.5,25.0,2.2,-1,A
1QLP,A,248,V,6.5,25.0,2.3,-1,A
1QLP,A,284,V,6.5,25.0,0.8,-1,A
1QLP,V,321,I,6.5,25.0,0.6,-1,A
1QLP,S,330,R,7.8,25.0,-2.44,1,A
1QLP,K,331,F,7.8,25.0,1.75,-1,A
1QLP,M,374,I,6.5,25.0,2.3,-1,A
1QLP,S,381,A,6.5,25.0,1.0,-1,A
1RG8,C,16,S,6.6,25.0,-2.81,1,A
1RG8,L,44,F,7.3,34.5,0.59,-1,A
1RIS,I,8,A,8.0,25.0,-3.56,1,A
1RIS,F,60,A,8.0,25.0,-0.81,1,A
1RIS,L,75,A,8.0,25.0,-1.35,1,A
1RIS,L,79,A,8.0,25.0,-3.91,1,A
1RN1,V,16,T,7.0,25.0,-3.65,1,C
1RN1,G,23,A,7.4,25.0,-1.2,1,C
1RN1,D,49,A,6.3,37.3,0.5,-1,C
1RN1,V,78,S,7.0,25.0,-4.73,1,C
1RN1,V,78,T,7.0,25.0,-3.59,1,C
1RTB,F,46,V,6.0,24.9,-4.55,1,A
1RTB,V,57,A,5.0,40.0,-2.85,1,A
1RTB,V,57,L,5.0,40.0,-2.37,1,A
1RTB,V,63,A,5.0,40.0,-2.03,1,A
1SHF,E,107,F,8.0,25.0,-1.63,1,A
1SHF,E,107,H,8.0,25.0,-0.99,1,A
1SHF,E,107,K,8.0,25.0,-0.97,1,A
1SHF,E,107,L,8.0,25.0,-3.02,1,A
1SHF,E,107,Y,8.0,25.0,-2.4,1,A
1SHF,I,111,A,7.0,25.0,-2.84,1,A
1SHF,I,111,L,7.0,25.0,-0.71,1,A
1SHF,S,124,D,8.0,25.0,-2.02,1,A
1SHF,S,124,F,8.0,25.0,-1.9,1,A
1SHF,S,124,G,8.0,25.0,-1.68,1,A
1SHF,S,124,H,8.0,25.0,-1.25,1,A
1SHF,S,124,N,8.0,25.0,-0.73,1,A
1SHF,G,128,A,8.0,25.0,-1.78,1,A
1SHF,V,138,M,7.0,25.0,-0.52,1,A
1TIT,L,60,A,7.4,25.0,-4.88,1,A
1TIT,C,63,S,7.3,25.0,-2.08,1,A
1TIT,V,86,A,7.4,25.0,-4.45,1,A
1TTQ,F,22,L,7.8,25.0,-1.05,1,A
1TTQ,F,22,V,7.8,25.0,-3.44,1,A
1UZC,E,27,A,5.7,9.9,-0.62,1,A
1UZC,Q,38,G,5.7,9.9,-1.57,1,A
1UZC,A,61,G,5.7,9.9,-2.07,1,A
1YYJ,L,3,A,5.0,25.0,-1.6,1,A
1YYJ,A,20,G,5.0,25.0,-1.97,1,A
1YYJ,F,61,A,5.0,25.0,-4.52,1,A
1YYJ,F,65,A,5.0,25.0,-1.92,1,A
1YYJ,Y,105,A,5.0,25.0,-2.36,1,A
1ZG4,W,290,F,7.0,25.0,-0.83,1,A
1ZNJ,H,10,E,8.0,25.0,1.11,-1,B
2A01,L,141,R,7.4,25.0,-0.65,1,A
2A36,T,22,F,6.0,25.0,1.3,-1,A
2A36,T,22,L,6.0,25.0,0.5,-1,A
2A36,T,22,N,6.0,25.0,1.3,-1,A
2DRI,V,50,E,7.7,25.0,-3.5,1,A
2IMM,A,15,L,7.4,20.0,1.36,-1,A
2LZM,G,51,D,7.0,22.0,-2.63,1,A
2LZM,I,58,Y,7.0,22.0,-3.11,1,A
2LZM,A,146,I,7.0,22.0,-4.31,1,A
2LZM,F,153,C,7.0,22.0,-3.11,1,A
2NVH,R,4,Q,6.5,25.0,-0.57,1,A
2NVH,C,8,S,6.5,25.0,-3.74,1,A
2TRX,D,26,I,7.0,25.0,3.37,-1,A
2TRX,T,66,L,7.0,25.0,-1.03,1,A
3GLY,G,139,A,4.5,30.0,-1.4,1,A
3MBP,W,10,A,7.6,25.0,-4.31,1,A
3PGK,Y,48,W,7.5,25.0,-1.62,1,A
3PGK,Y,122,W,7.5,25.0,-2.19,1,A
3PGK,F,194,W,7.5,25.0,-1.12,1,A
3PGK,H,388,Q,6.5,25.0,-0.84,1,A
3SIL,A,53,L,7.0,25.0,0.9,-1,A
4LYZ,E,35,A,4.6,35.0,1.24,-1,A
5DFR,I,2,V,7.8,15.0,-0.55,1,A
5DFR,W,30,M,7.8,15.0,-1.94,1,A
5DFR,V,40,H,7.8,15.0,-2.76,1,A
5DFR,N,59,W,7.8,15.0,-0.79,1,A
5DFR,G,67,T,7.0,15.0,-0.62,1,A
5DFR,G,95,A,7.8,15.0,-0.9,1,A
5DFR,G,121,H,7.0,15.0,-0.56,1,A
5DFR,I,155,T,7.8,15.0,-2.53,1,A
5PTI,A,16,T,8.7,25.0,-1.7,1,A
5PTI,A,16,V,8.7,25.0,-1.3,1,A
5PTI,Y,35,D,8.7,25.0,-3.8,1,A
