4,PDB_CHAIN,WILD_RES,POSITION,MUTANT_RES,PH,TEMPERATURE,EXP_DDG,class,chain
0,1AJ3A,H,10,A,7.0,25.0,0.5,-1,A
1,1AJ3A,I,23,A,7.0,25.0,-3.6,1,A
2,1AJ3A,K,47,G,7.0,25.0,-0.5,1,A
3,1AJ3A,I,84,A,7.0,25.0,-2.0,1,A
4,1AJ3A,Q,86,G,7.0,25.0,-1.3,1,A
5,1AJ3A,L,88,A,7.0,25.0,-2.8,1,A
6,1AJ3A,D,93,A,7.0,25.0,0.7,-1,A
7,1AJ3A,K,96,G,7.0,25.0,-1.3,1,A
8,1AJ3A,L,98,A,7.0,25.0,-3.8,1,A
9,1AKYA,Q,48,E,7.7,25.0,-0.96,1,A
10,1APSA,I,75,V,5.5,28.0,-1.41,1,A
11,1BNIA,R,59,A,6.3,25.0,0.64,-1,A
12,1BNIA,I,76,T,6.3,25.0,-2.64,1,A
13,1BTAA,K,22,Q,8.0,25.0,-0.79,1,A
14,1BTAA,K,60,E,8.0,25.0,-1.17,1,A
15,1BTAA,R,75,L,8.0,25.0,0.75,-1,A
16,1BVCA,H,24,V,7.0,0.0,-0.52,1,A
17,1BVCA,H,48,Q,7.0,0.0,-0.62,1,A
18,1BVCA,H,119,F,7.0,0.0,-0.68,1,A
19,1C9OA,E,50,K,7.0,75.0,-0.58,1,A
20,1C9OA,R,56,E,7.0,75.0,0.69,-1,A
21,1CEYA,D,12,A,7.0,25.0,2.5,-1,A
22,1CEYA,F,14,N,7.5,25.0,2.64,-1,A
23,1CEYA,D,57,A,7.0,25.0,3.3,-1,A
24,1CSEI,V,54,A,7.0,25.0,-1.58,1,I
25,1CSPA,E,3,Q,7.5,55.0,1.14,-1,A
26,1CSPA,S,48,R,7.0,70.0,1.58,-1,A
27,1CUNA,Q,115,G,7.0,25.0,-1.15,1,A
28,1CUNA,A,126,G,7.0,25.0,-1.65,1,A
29,1CUNA,I,128,A,7.0,25.0,-1.65,1,A
30,1CUNA,I,128,V,7.0,25.0,-2.85,1,A
31,1CUNA,K,152,G,7.0,25.0,-1.45,1,A
32,1CUNA,A,156,G,7.0,25.0,-1.45,1,A
33,1CUNA,F,157,L,7.0,25.0,-1.85,1,A
34,1CUNA,A,173,G,7.0,25.0,-1.95,1,A
35,1CUNA,A,191,G,7.0,25.0,-1.35,1,A
36,1CUNA,M,193,A,7.0,25.0,-2.65,1,A
37,1CUNA,L,196,A,7.0,25.0,-4.55,1,A
38,1CUNA,S,201,G,7.0,25.0,-0.95,1,A
39,1CUNA,L,203,A,7.0,25.0,-4.05,1,A
40,1CUNA,A,212,G,7.0,25.0,-1.45,1,A
41,1CUNA,L,214,A,7.0,25.0,-3.65,1,A
42,1DKTA,K,11,A,7.5,10.0,0.62,-1,A
43,1DKTA,S,39,A,7.5,10.0,-0.6,1,A
44,1DKTA,V,55,A,7.5,10.0,-0.73,1,A
45,1DKTA,R,71,A,7.5,10.0,-0.59,1,A
46,1E65A,I,7,S,7.3,26.5,-3.44,1,A
47,1E65A,I,20,T,7.0,25.0,-2.39,1,A
48,1E65A,V,31,T,7.0,25.0,-1.08,1,A
49,1E65A,V,60,G,7.0,25.0,-3.11,1,A
50,1E65A,A,82,G,7.0,25.0,-3.11,1,A
51,1E65A,V,95,T,7.0,25.0,0.96,-1,A
52,1E65A,H,117,G,7.0,20.0,-2.18,1,A
53,1EY0A,L,7,V,7.0,20.0,-1.15,1,A
54,1EY0A,K,9,F,7.0,20.0,-1.03,1,A
55,1EY0A,T,13,C,7.0,20.0,-1.2,1,A
56,1EY0A,L,14,V,7.0,20.0,-1.63,1,A
57,1EY0A,D,19,F,7.0,20.0,-1.28,1,A
58,1EY0A,D,21,K,7.0,20.0,1.1,-1,A
59,1EY0A,T,22,I,7.0,20.0,-0.61,1,A
60,1EY0A,Y,27,C,7.0,20.0,-2.72,1,A
61,1EY0A,G,29,V,7.0,20.0,-3.11,1,A
62,1EY0A,T,33,C,7.0,20.0,-1.04,1,A
63,1EY0A,L,36,V,7.0,20.0,-3.58,1,A
64,1EY0A,L,37,I,7.0,20.0,-1.82,1,A
65,1EY0A,V,39,L,7.0,20.0,-0.9,1,A
66,1EY0A,T,41,I,7.0,20.0,0.86,-1,A
67,1EY0A,G,55,V,7.0,20.0,-1.48,1,A
68,1EY0A,K,63,Q,7.0,20.0,-0.89,1,A
69,1EY0A,M,65,F,7.0,20.0,-1.62,1,A
70,1EY0A,M,65,I,7.0,20.0,-1.43,1,A
71,1EY0A,V,66,I,7.0,20.0,-0.76,1,A
72,1EY0A,V,74,L,7.0,20.0,-1.12,1,A
73,1EY0A,D,77,K,7.0,20.0,-3.28,1,A
74,1EY0A,T,82,I,7.0,20.0,0.51,-1,A
75,1EY0A,G,86,F,7.0,20.0,-1.99,1,A
76,1EY0A,L,89,I,7.0,20.0,-1.04,1,A
77,1EY0A,I,92,M,7.0,20.0,-1.75,1,A
78,1EY0A,G,96,F,7.0,20.0,-2.55,1,A
79,1EY0A,G,96,V,7.0,20.0,-3.74,1,A
80,1EY0A,R,105,C,7.0,20.0,-2.55,1,A
81,1EY0A,L,108,V,7.0,20.0,-3.81,1,A
82,1EY0A,V,111,I,7.0,20.0,-0.74,1,A
83,1EY0A,V,111,L,7.0,20.0,-0.88,1,A
84,1EY0A,L,125,I,7.0,20.0,-0.96,1,A
85,1EY0A,L,137,V,7.0,20.0,-1.42,1,A
86,1FNAA,V,50,A,5.0,25.0,-2.85,1,A
87,1FTGA,L,6,A,7.0,34.6,-3.11,1,A
88,1FTGA,E,72,K,7.0,37.8,1.41,-1,A
89,1FTGA,D,75,K,7.0,37.8,1.03,-1,A
90,1FTGA,A,84,G,7.0,34.6,-1.9,1,A
91,1FTGA,N,97,A,7.0,34.6,-0.58,1,A
92,1FTGA,Q,99,A,7.0,34.6,1.59,-1,A
93,1FTGA,S,110,A,7.0,34.6,-0.73,1,A
94,1FTGA,D,126,K,7.0,37.8,0.81,-1,A
95,1FTGA,I,156,V,7.0,34.6,-3.16,1,A
96,1FTGA,V,160,A,7.0,34.6,-2.07,1,A
97,1G4IA,F,22,I,8.0,30.0,1.43,-1,A
98,1G4IA,F,22,Y,8.0,30.0,0.83,-1,A
99,1G4IA,H,48,A,8.0,30.0,-1.93,1,A
100,1G4IA,F,106,A,8.0,25.0,-1.23,1,A
101,1H7MA,D,2,A,7.4,25.0,-0.53,1,A
102,1H7MA,K,46,A,7.4,25.0,-1.1,1,A
103,1H7MA,D,87,A,7.4,25.0,-1.36,1,A
104,1HFZA,I,59,W,7.4,56.2,-0.93,1,A
105,1HFZA,H,107,W,7.4,56.2,-1.72,1,A
106,1HFZA,K,114,E,7.4,56.2,-0.65,1,A
107,1HMKA,V,8,A,7.0,25.0,-0.83,1,A
108,1HMKA,L,12,A,7.0,25.0,-2.73,1,A
109,1HMKA,V,27,A,7.0,25.0,-1.24,1,A
110,1HMKA,T,29,V,7.0,25.0,2.26,-1,A
111,1HMKA,I,55,V,7.0,25.0,-2.72,1,A
112,1HMKA,W,60,A,7.0,25.0,-2.01,1,A
113,1HMKA,I,89,V,7.0,25.0,-0.86,1,A
114,1HMKA,I,95,V,7.0,25.0,-1.72,1,A
115,1HMKA,L,96,A,7.0,25.0,-1.75,1,A
116,1HMKA,Y,103,F,7.0,25.0,-2.13,1,A
117,1HMSA,F,4,S,8.0,37.0,-3.67,1,A
118,1HMSA,F,16,S,8.0,37.0,-3.98,1,A
119,1HMSA,T,40,E,8.0,25.0,-2.4,1,A
120,1HMSA,F,57,S,8.0,25.0,-2.43,1,A
121,1HMSA,L,66,G,8.0,37.0,-3.67,1,A
122,1HMSA,R,106,T,8.0,25.0,-2.84,1,A
123,1IFCA,W,6,Y,7.0,25.0,-0.87,1,A
124,1IFCA,V,60,N,7.0,25.0,-0.83,1,A
125,1IFCA,L,64,G,7.4,20.0,-2.26,1,A
126,1IFCA,G,65,A,7.4,20.0,-0.94,1,A
127,1IFCA,F,93,A,7.0,25.0,-2.37,1,A
128,1IGVA,Y,13,F,7.1,25.0,-1.08,1,A
129,1IGVA,F,66,W,7.0,25.0,-0.93,1,A
130,1IHBA,F,37,H,7.5,25.0,-0.66,1,A
131,1IMQA,V,19,L,6.0,10.0,-1.82,1,A
132,1IMQA,E,31,L,6.0,10.0,-0.67,1,A
133,1IMQA,E,41,V,6.0,10.0,0.89,-1,A
134,1IROA,I,33,L,9.1,107.0,0.76,-1,A
135,1JIWI,D,10,A,7.1,25.0,-0.7,1,I
136,1JIWI,W,15,F,7.1,25.0,-2.3,1,I
137,1KFWA,N,197,K,7.5,16.0,0.81,-1,A
138,1KFWA,G,405,Q,7.5,16.0,0.62,-1,A
139,1LNIA,V,43,T,7.0,48.4,-0.5,1,A
140,1LNIA,Y,55,F,7.0,25.0,-0.6,1,A
141,1LNIA,T,56,V,7.0,48.4,-1.9,1,A
142,1LNIA,D,79,F,6.8,49.1,2.73,-1,A
143,1LNIA,D,79,I,7.0,52.6,2.85,-1,A
144,1LNIA,D,79,K,7.0,52.6,2.35,-1,A
145,1LNIA,D,79,L,7.0,52.6,2.65,-1,A
146,1LNIA,D,79,N,6.8,49.1,1.46,-1,A
147,1LNIA,D,79,Y,7.0,52.6,2.9,-1,A
148,1LNIA,Y,80,F,7.0,25.0,-1.5,1,A
149,1LNIA,Q,94,K,6.8,47.5,0.56,-1,A
150,1LZ1A,G,105,A,2.7,64.9,-0.62,1,A
151,1MGRA,Y,54,F,7.0,25.0,-2.6,1,A
152,1MGRA,Y,84,F,7.0,25.0,-1.0,1,A
153,1MJCA,F,20,S,7.0,25.0,-1.16,1,A
154,1MJCA,F,31,S,7.0,25.0,-1.03,1,A
155,1MSIA,R,47,A,7.0,25.0,-0.74,1,A
156,1OIAA,Y,86,T,7.0,22.0,-2.9,1,A
157,1P2PA,H,48,K,7.0,20.0,-2.12,1,A
158,1QLPA,A,31,L,6.5,25.0,0.9,-1,A
159,1QLPA,A,70,G,6.5,25.0,1.6,-1,A
160,1QLPA,Y,160,W,7.8,25.0,1.18,-1,A
161,1QLPA,A,183,I,6.5,25.0,1.8,-1,A
162,1QLPA,A,183,V,6.5,25.0,3.8,-1,A
163,1QLPA,W,238,F,7.8,25.0,0.98,-1,A
164,1QLPA,A,248,F,6.5,25.0,1.8,-1,A
165,1QLPA,A,248,I,6.5,25.0,2.2,-1,A
166,1QLPA,A,248,V,6.5,25.0,2.3,-1,A
167,1QLPA,A,284,V,6.5,25.0,0.8,-1,A
168,1QLPA,V,321,I,6.5,25.0,0.6,-1,A
169,1QLPA,S,330,R,7.8,25.0,-2.44,1,A
170,1QLPA,K,331,F,7.8,25.0,1.75,-1,A
171,1QLPA,M,374,I,6.5,25.0,2.3,-1,A
172,1QLPA,S,381,A,6.5,25.0,1.0,-1,A
173,1RG8A,C,16,S,6.6,25.0,-2.81,1,A
174,1RG8A,L,44,F,7.3,34.5,0.59,-1,A
175,1RISA,I,8,A,8.0,25.0,-3.56,1,A
176,1RISA,F,60,A,8.0,25.0,-0.81,1,A
177,1RISA,L,75,A,8.0,25.0,-1.35,1,A
178,1RISA,L,79,A,8.0,25.0,-3.91,1,A
179,1RN1C,V,16,T,7.0,25.0,-3.65,1,C
180,1RN1C,G,23,A,7.4,25.0,-1.2,1,C
181,1RN1C,D,49,A,6.3,37.3,0.5,-1,C
182,1RN1C,V,78,S,7.0,25.0,-4.73,1,C
183,1RN1C,V,78,T,7.0,25.0,-3.59,1,C
184,1RTBA,F,46,V,6.0,24.9,-4.55,1,A
185,1RTBA,V,57,A,5.0,40.0,-2.85,1,A
186,1RTBA,V,57,L,5.0,40.0,-2.37,1,A
187,1RTBA,V,63,A,5.0,40.0,-2.03,1,A
188,1SHFA,E,107,F,8.0,25.0,-1.63,1,A
189,1SHFA,E,107,H,8.0,25.0,-0.99,1,A
190,1SHFA,E,107,K,8.0,25.0,-0.97,1,A
191,1SHFA,E,107,L,8.0,25.0,-3.02,1,A
192,1SHFA,E,107,Y,8.0,25.0,-2.4,1,A
193,1SHFA,I,111,A,7.0,25.0,-2.84,1,A
194,1SHFA,I,111,L,7.0,25.0,-0.71,1,A
195,1SHFA,S,124,D,8.0,25.0,-2.02,1,A
196,1SHFA,S,124,F,8.0,25.0,-1.9,1,A
197,1SHFA,S,124,G,8.0,25.0,-1.68,1,A
198,1SHFA,S,124,H,8.0,25.0,-1.25,1,A
199,1SHFA,S,124,N,8.0,25.0,-0.73,1,A
200,1SHFA,G,128,A,8.0,25.0,-1.78,1,A
201,1SHFA,V,138,M,7.0,25.0,-0.52,1,A
202,1TITA,L,60,A,7.4,25.0,-4.88,1,A
203,1TITA,C,63,S,7.3,25.0,-2.08,1,A
204,1TITA,V,86,A,7.4,25.0,-4.45,1,A
205,1TTQA,F,22,L,7.8,25.0,-1.05,1,A
206,1TTQA,F,22,V,7.8,25.0,-3.44,1,A
207,1UZCA,E,27,A,5.7,9.9,-0.62,1,A
208,1UZCA,Q,38,G,5.7,9.9,-1.57,1,A
209,1UZCA,A,61,G,5.7,9.9,-2.07,1,A
210,1YYJA,L,3,A,5.0,25.0,-1.6,1,A
211,1YYJA,A,20,G,5.0,25.0,-1.97,1,A
212,1YYJA,F,61,A,5.0,25.0,-4.52,1,A
213,1YYJA,F,65,A,5.0,25.0,-1.92,1,A
214,1YYJA,Y,105,A,5.0,25.0,-2.36,1,A
215,1ZG4A,W,290,F,7.0,25.0,-0.83,1,A
216,1ZNJB,H,10,E,8.0,25.0,1.11,-1,B
217,2A01A,L,141,R,7.4,25.0,-0.65,1,A
218,2A36A,T,22,F,6.0,25.0,1.3,-1,A
219,2A36A,T,22,L,6.0,25.0,0.5,-1,A
220,2A36A,T,22,N,6.0,25.0,1.3,-1,A
221,2DRIA,V,50,E,7.7,25.0,-3.5,1,A
222,2IMMA,A,15,L,7.4,20.0,1.36,-1,A
223,2LZMA,G,51,D,7.0,22.0,-2.63,1,A
224,2LZMA,I,58,Y,7.0,22.0,-3.11,1,A
225,2LZMA,A,146,I,7.0,22.0,-4.31,1,A
226,2LZMA,F,153,C,7.0,22.0,-3.11,1,A
227,2NVHA,R,4,Q,6.5,25.0,-0.57,1,A
228,2NVHA,C,8,S,6.5,25.0,-3.74,1,A
229,2TRXA,D,26,I,7.0,25.0,3.37,-1,A
230,2TRXA,T,66,L,7.0,25.0,-1.03,1,A
231,3GLYA,G,139,A,4.5,30.0,-1.4,1,A
232,3MBPA,W,10,A,7.6,25.0,-4.31,1,A
233,3PGKA,Y,48,W,7.5,25.0,-1.62,1,A
234,3PGKA,Y,122,W,7.5,25.0,-2.19,1,A
235,3PGKA,F,194,W,7.5,25.0,-1.12,1,A
236,3PGKA,H,388,Q,6.5,25.0,-0.84,1,A
237,3SILA,A,53,L,7.0,25.0,0.9,-1,A
238,4LYZA,E,35,A,4.6,35.0,1.24,-1,A
239,5DFRA,I,2,V,7.8,15.0,-0.55,1,A
240,5DFRA,W,30,M,7.8,15.0,-1.94,1,A
241,5DFRA,V,40,H,7.8,15.0,-2.76,1,A
242,5DFRA,N,59,W,7.8,15.0,-0.79,1,A
243,5DFRA,G,67,T,7.0,15.0,-0.62,1,A
244,5DFRA,G,95,A,7.8,15.0,-0.9,1,A
245,5DFRA,G,121,H,7.0,15.0,-0.56,1,A
246,5DFRA,I,155,T,7.8,15.0,-2.53,1,A
247,5PTIA,A,16,T,8.7,25.0,-1.7,1,A
248,5PTIA,A,16,V,8.7,25.0,-1.3,1,A
249,5PTIA,Y,35,D,8.7,25.0,-3.8,1,A
